-- Showcase properties for live testing.
-- Distribution is intentionally bell-shaped: most properties cluster around
-- mid/high ratings, with a smaller number of weak and standout listings.

INSERT INTO public.properties (
  id,
  display_name,
  address_line1,
  address_line2,
  city,
  province,
  postal_code,
  management_company,
  status,
  created_by,
  created_at,
  updated_at
) VALUES
  (
    'c0000001-0001-4000-8000-000000000001',
    'Harbourview Commons',
    '15 Queens Quay E',
    NULL,
    'Toronto',
    'ON',
    'M5E 1C5',
    'Harbourview Living',
    'active',
    NULL,
    '2026-03-10T15:30:00Z',
    '2026-03-10T15:30:00Z'
  ),
  (
    'c0000002-0002-4000-8000-000000000002',
    'Maple Court Residences',
    '88 Carlton St',
    NULL,
    'Toronto',
    'ON',
    'M5B 1L1',
    'Maple Court Management',
    'active',
    NULL,
    '2026-03-10T15:30:00Z',
    '2026-03-10T15:30:00Z'
  ),
  (
    'c0000003-0003-4000-8000-000000000003',
    'Cedar Point Apartments',
    '210 Dundas St W',
    NULL,
    'Toronto',
    'ON',
    'M5G 1Z8',
    NULL,
    'active',
    NULL,
    '2026-03-10T15:30:00Z',
    '2026-03-10T15:30:00Z'
  ),
  (
    'c0000004-0004-4000-8000-000000000004',
    'Parkside Terrace',
    '44 High Park Ave',
    NULL,
    'Toronto',
    'ON',
    'M6P 2R8',
    'Terrace Residential',
    'active',
    NULL,
    '2026-03-10T15:30:00Z',
    '2026-03-10T15:30:00Z'
  ),
  (
    'c0000005-0005-4000-8000-000000000005',
    'Willow Gardens',
    '125 Eglinton Ave W',
    NULL,
    'Toronto',
    'ON',
    'M4R 1A1',
    'Willow Property Group',
    'active',
    NULL,
    '2026-03-10T15:30:00Z',
    '2026-03-10T15:30:00Z'
  ),
  (
    'c0000006-0006-4000-8000-000000000006',
    'Junction House',
    '3020 Dundas St W',
    NULL,
    'Toronto',
    'ON',
    'M6P 1Z3',
    NULL,
    'active',
    NULL,
    '2026-03-10T15:30:00Z',
    '2026-03-10T15:30:00Z'
  ),
  (
    'c0000007-0007-4000-8000-000000000007',
    'Lakeshore Lofts',
    '18 Lake Shore Blvd W',
    'Unit 100',
    'Toronto',
    'ON',
    'M5J 2N1',
    'Lakeshore Urban Living',
    'active',
    NULL,
    '2026-03-10T15:30:00Z',
    '2026-03-10T15:30:00Z'
  ),
  (
    'c0000008-0008-4000-8000-000000000008',
    'Midtown Flats',
    '245 Yonge St',
    NULL,
    'Toronto',
    'ON',
    'M5B 1N8',
    'Midtown Flats Inc.',
    'active',
    NULL,
    '2026-03-10T15:30:00Z',
    '2026-03-10T15:30:00Z'
  ),
  (
    'c0000009-0009-4000-8000-000000000009',
    'Oakline Residences',
    '600 Bay St',
    NULL,
    'Toronto',
    'ON',
    'M5G 1M6',
    'Oakline Residential',
    'active',
    NULL,
    '2026-03-10T15:30:00Z',
    '2026-03-10T15:30:00Z'
  ),
  (
    'c0000010-0010-4000-8000-000000000010',
    'Northview Heights',
    '110 Bloor St W',
    NULL,
    'Toronto',
    'ON',
    'M5S 2W7',
    'Northview Communities',
    'active',
    NULL,
    '2026-03-10T15:30:00Z',
    '2026-03-10T15:30:00Z'
  )
ON CONFLICT (id) DO UPDATE
SET
  display_name = EXCLUDED.display_name,
  address_line1 = EXCLUDED.address_line1,
  address_line2 = EXCLUDED.address_line2,
  city = EXCLUDED.city,
  province = EXCLUDED.province,
  postal_code = EXCLUDED.postal_code,
  management_company = EXCLUDED.management_company,
  status = EXCLUDED.status,
  updated_at = EXCLUDED.updated_at;

INSERT INTO public.property_aggregates (
  property_id,
  review_count,
  avg_management_responsiveness,
  avg_maintenance_timeliness,
  avg_listing_accuracy,
  avg_fee_transparency,
  avg_lease_clarity,
  avg_trustscore,
  display_management_responsiveness_0_6,
  display_maintenance_timeliness_0_6,
  display_listing_accuracy_0_6,
  display_fee_transparency_0_6,
  display_lease_clarity_0_6,
  display_trustscore_0_6,
  last_updated
) VALUES
  (
    'c0000001-0001-4000-8000-000000000001',
    4,
    2.4,
    2.3,
    2.7,
    2.1,
    2.5,
    2.4,
    3,
    3,
    3,
    3,
    3,
    3,
    '2026-03-10T15:30:00Z'
  ),
  (
    'c0000002-0002-4000-8000-000000000002',
    5,
    2.8,
    2.9,
    3.0,
    2.7,
    2.8,
    2.84,
    3,
    3,
    4,
    3,
    3,
    3,
    '2026-03-10T15:30:00Z'
  ),
  (
    'c0000003-0003-4000-8000-000000000003',
    6,
    3.1,
    3.0,
    3.2,
    3.0,
    3.1,
    3.08,
    4,
    4,
    4,
    4,
    4,
    4,
    '2026-03-10T15:30:00Z'
  ),
  (
    'c0000004-0004-4000-8000-000000000004',
    7,
    3.4,
    3.2,
    3.5,
    3.3,
    3.4,
    3.36,
    4,
    4,
    4,
    4,
    4,
    4,
    '2026-03-10T15:30:00Z'
  ),
  (
    'c0000005-0005-4000-8000-000000000005',
    8,
    3.5,
    3.6,
    3.5,
    3.4,
    3.6,
    3.52,
    4,
    4,
    4,
    4,
    4,
    4,
    '2026-03-10T15:30:00Z'
  ),
  (
    'c0000006-0006-4000-8000-000000000006',
    8,
    3.7,
    3.8,
    3.6,
    3.5,
    3.7,
    3.66,
    4,
    5,
    4,
    4,
    4,
    4,
    '2026-03-10T15:30:00Z'
  ),
  (
    'c0000007-0007-4000-8000-000000000007',
    7,
    3.9,
    3.8,
    4.0,
    3.9,
    3.8,
    3.88,
    5,
    5,
    5,
    5,
    5,
    5,
    '2026-03-10T15:30:00Z'
  ),
  (
    'c0000008-0008-4000-8000-000000000008',
    6,
    4.1,
    4.0,
    4.2,
    3.9,
    4.1,
    4.06,
    5,
    5,
    5,
    5,
    5,
    5,
    '2026-03-10T15:30:00Z'
  ),
  (
    'c0000009-0009-4000-8000-000000000009',
    5,
    4.3,
    4.2,
    4.4,
    4.0,
    4.2,
    4.22,
    5,
    5,
    5,
    5,
    5,
    5,
    '2026-03-10T15:30:00Z'
  ),
  (
    'c0000010-0010-4000-8000-000000000010',
    4,
    4.7,
    4.6,
    4.8,
    4.5,
    4.7,
    4.66,
    6,
    6,
    6,
    5,
    6,
    6,
    '2026-03-10T15:30:00Z'
  )
ON CONFLICT (property_id) DO UPDATE
SET
  review_count = EXCLUDED.review_count,
  avg_management_responsiveness = EXCLUDED.avg_management_responsiveness,
  avg_maintenance_timeliness = EXCLUDED.avg_maintenance_timeliness,
  avg_listing_accuracy = EXCLUDED.avg_listing_accuracy,
  avg_fee_transparency = EXCLUDED.avg_fee_transparency,
  avg_lease_clarity = EXCLUDED.avg_lease_clarity,
  avg_trustscore = EXCLUDED.avg_trustscore,
  display_management_responsiveness_0_6 = EXCLUDED.display_management_responsiveness_0_6,
  display_maintenance_timeliness_0_6 = EXCLUDED.display_maintenance_timeliness_0_6,
  display_listing_accuracy_0_6 = EXCLUDED.display_listing_accuracy_0_6,
  display_fee_transparency_0_6 = EXCLUDED.display_fee_transparency_0_6,
  display_lease_clarity_0_6 = EXCLUDED.display_lease_clarity_0_6,
  display_trustscore_0_6 = EXCLUDED.display_trustscore_0_6,
  last_updated = EXCLUDED.last_updated;

INSERT INTO public.distilled_insights (
  property_id,
  insights_text,
  status,
  screened,
  screening_flags,
  last_generated_at,
  screened_at,
  updated_at
) VALUES
  (
    'c0000001-0001-4000-8000-000000000001',
    'Tenants mention a good location, but slower maintenance follow-up and unclear fees pull this property below the market average.',
    'approved',
    true,
    NULL,
    '2026-03-10T15:30:00Z',
    '2026-03-10T15:30:00Z',
    '2026-03-10T15:30:00Z'
  ),
  (
    'c0000002-0002-4000-8000-000000000002',
    'Renters describe this building as acceptable overall, with predictable service but little that stands out positively.',
    'approved',
    true,
    NULL,
    '2026-03-10T15:30:00Z',
    '2026-03-10T15:30:00Z',
    '2026-03-10T15:30:00Z'
  ),
  (
    'c0000003-0003-4000-8000-000000000003',
    'Residents report an average experience with balanced strengths and weaknesses across maintenance, lease clarity, and listing accuracy.',
    'approved',
    true,
    NULL,
    '2026-03-10T15:30:00Z',
    '2026-03-10T15:30:00Z',
    '2026-03-10T15:30:00Z'
  ),
  (
    'c0000004-0004-4000-8000-000000000004',
    'Feedback suggests Parkside Terrace performs a bit above average, especially on clear communication and stable day-to-day management.',
    'approved',
    true,
    NULL,
    '2026-03-10T15:30:00Z',
    '2026-03-10T15:30:00Z',
    '2026-03-10T15:30:00Z'
  ),
  (
    'c0000005-0005-4000-8000-000000000005',
    'Willow Gardens is consistently reviewed as dependable, with balanced ratings and no major recurring complaints.',
    'approved',
    true,
    NULL,
    '2026-03-10T15:30:00Z',
    '2026-03-10T15:30:00Z',
    '2026-03-10T15:30:00Z'
  ),
  (
    'c0000006-0006-4000-8000-000000000006',
    'Junction House trends slightly above average, with maintenance responsiveness standing out more than pricing transparency.',
    'approved',
    true,
    NULL,
    '2026-03-10T15:30:00Z',
    '2026-03-10T15:30:00Z',
    '2026-03-10T15:30:00Z'
  ),
  (
    'c0000007-0007-4000-8000-000000000007',
    'Tenants consistently highlight accurate listings and reliable building operations, making this one of the stronger options in the sample set.',
    'approved',
    true,
    NULL,
    '2026-03-10T15:30:00Z',
    '2026-03-10T15:30:00Z',
    '2026-03-10T15:30:00Z'
  ),
  (
    'c0000008-0008-4000-8000-000000000008',
    'Midtown Flats earns strong scores across the board, with especially solid marks for communication and accurate listing details.',
    'approved',
    true,
    NULL,
    '2026-03-10T15:30:00Z',
    '2026-03-10T15:30:00Z',
    '2026-03-10T15:30:00Z'
  ),
  (
    'c0000009-0009-4000-8000-000000000009',
    'Review patterns show Oakline Residences as a high-performing property with only minor concerns around fees compared with its other scores.',
    'approved',
    true,
    NULL,
    '2026-03-10T15:30:00Z',
    '2026-03-10T15:30:00Z',
    '2026-03-10T15:30:00Z'
  ),
  (
    'c0000010-0010-4000-8000-000000000010',
    'Northview Heights is the standout example, with unusually strong tenant sentiment and very high marks across every major category.',
    'approved',
    true,
    NULL,
    '2026-03-10T15:30:00Z',
    '2026-03-10T15:30:00Z',
    '2026-03-10T15:30:00Z'
  )
ON CONFLICT (property_id) DO UPDATE
SET
  insights_text = EXCLUDED.insights_text,
  status = EXCLUDED.status,
  screened = EXCLUDED.screened,
  screening_flags = EXCLUDED.screening_flags,
  last_generated_at = EXCLUDED.last_generated_at,
  screened_at = EXCLUDED.screened_at,
  updated_at = EXCLUDED.updated_at;
